	Judul	Konten
0	Prabowo-Sandiaga Uno tiba di rumah dinas Wapres JK | merdeka.com	"	 Merdeka.com - Bakal capres Prabowo Subianto menyambangi Wakil Presiden Jusuf Kalla Rabu (15/8) malam ini di rumah dinas Jusuf Kalla, di Jalan Diponegoro,  Jakarta Pusat. Prabowo sekira pukul 20.45 WIB bersama Sekjen Partai Gerindra, Ahmad Muzani.Dengan mengenakan kemeja putih Prabowo sempat melambaikan tangan ke arah awak media. Tidak hanya Prabowo, setelah sepuluh menit kemudian sekitar pukul 20.55 WIB, bakal cawapres Sandiaga Uno juga hadir. Dengan menggunakan kemeja biru dan peci hitam dia menyapa awak media.Sebelumnya Muzani membenarkan Prabowo akan sowan ke rumah dinas JK. ""Jam 20.00 WIB, apa jam 21.00 WIB, sekitar itu lah,"" tutur Muzani di rumah Prabowo di Jalan Kertanegara, Jakarta Selatan, Rabu (15/8).Menurut dia, kedatangan Prabowo Subianto ini hanya untuk bersilaturahmi dengan Jusuf Kalla, sosok yang dianggap senior. Hal itu dipercaya akan memberikan energi positif dan sarat doa kebaikan.""Saya kira sekali lagi dalam tradisi ketimuran kan sesuatu yang lebih junior datang ke lebih senior itu biasa. Apalagi kemudian ada hajat, gawe lebih besar, sehingga kita harus banyak bersilaturahmi kepada orang yang dihormati, dituakan karena itu energi,"" jelas dia.Tidak hanya Muzani, Juru Bicara Wakil Presiden Jusuf Kalla, Husain Abdullah pun membenarkan hal tersebut.""Iya betul. Sekitar pukul 21.00 WIB Pak Prabowo akan sowan ke rumah dinas pak Wapres,"" kata Juru Bicara Wakil Presiden Jusuf Kalla, Husain Abdullah di Rumah Dinas JK, Jalan Diponegoro, Jakarta Pusat, Rabu (15/8).Husain pun tidak merinci pertemuan tersebut akan membahas soal apa. Dia menilai kunjungan Prabowo adalah bentuk silaturahmi dengan politisi senior.""Mungkin karena Pak Wapres kan politisi senior. Sowan aja,"" kata Husain. [fik]"
1	Gerindra soal Asman mundur dari posisi menteri: Bentuk ketaatan pada keputusan partai | merdeka.com	"	 Merdeka.com - Sekjen Gerindra Ahmad Muzani angkat bicara soal mundurnya politisi PAN, Asman Abnur dari jabatan Menteri Pendayagunaan Aparatur Negara Reformasi Birokrasi (MenPAN-RB). Muzani mengatakan keputusan Asman sudah tepat.Sebab, Asman merupakan kader dari PAN, partai yang mengusung Prabowo Subianto-Sandiaga Uno menjadi capres dan cawapres 2019.""Saya kira itu sebagai sebuah tata cara dan fatsun yang benar kan, seketika karena pak Asman itu kan sebagai menteri, di situ kan sebagai representasi dari koalisi PAN dengan pak Jokowi, kemudian dengan sekarang ini PAN itu tidak lagi mendukung pak Jokowi di dalam pencalonan Presiden,"" di kediaman Prabowo Jl Kertanegara IV,  Jakarta Selatan, Rabu (15/8).""Oleh sebab itu kelanjutan atau dari konsistensi dari cara berpikir itu maka pak Asman mengundurkan diri. Saya kira itu bentuk ketaatan terhadap keputusan partai,"" sambungnya.Muzani tak mengetahui apakah mundurnya Asman merupakan inisiatif pribadi dan bukan kemauan presiden Jokowi.""Mungkin (permintaan Asman), saya tidak tahu sama sekali,"" ucapnya.Berbeda dengan karier Asman di Kabinet Kerja, Soetrisno Bachir yang merupakan kader PAN berada dalam posisi aman. Soetrisno juga disebut Istana mendukung Jokowi sebagai calon presiden. Merespons itu, Muzani mengatakan semua orang punya kebebasan politik untuk mengambil keputusan politiknya.""Masing-masing ada yang terikat dengan partai politiknya dan ada yang tidak terikat dengan partai politik, jadi saya pun menghormati pandangan dan pemikiran atas orang tersebut mengambil keputusan,"" tuturnya.Muzani enggan menanggapi apakah Soetrisno Bachir berada di dua kaki dalam dukungan politik. ""Sekali lagi saya menghormati pandangan dan pikiran orang yang berbeda pandangan dengan partainya,"" ucapnya.Sementara, Sekretaris Kabinet Pramono Anung telah memastikan bahwa Soetrisno Bachir tidak akan dicopot dari Ketua Komite Ekonomi dan Industri Nasional (KEIN). Sebab, Soetrisno tidak masuk dalam struktur PAN.""Dan Pak Soetrisno saya mendengar sendiri Beliau mendukung Pak Jokowi,"" ucap Pramono di Kompleks Istana Kepresidenan, Jakarta, Selasa (14/8). [dan]"
2	PKB ungkap Ma'ruf merupakan sosok pemersatu bagi umat yang berselisih paham | merdeka.com	"	 Merdeka.com - Politisi PKB Lukman Edi menjamin tidak ada kelompok minoritas terdiskriminasi, bila Ma'ruf Amin kelak menjadi wakil presiden Indonesia.Hal ini mengacu pada kebijakan Ma'ruf sebagai pemangku Majelis Ulama Indonesia (MUI), yang dinilai kontroversial, seperti Larangan muslim menggunakan atribut Natal (2016), dan pernyataan MUI atas ucapan Ahok mengandung penghinaan Alquran dan Ulama (2016).""Selalu diajarkan ke kami bahwa kalau NU ya bagaimana melindungi minoritas, menyalurkan aspirasi mayoritas. Minoritas merasa terlindungi dengan keberadaan NU dan Ma'ruf Amin,"" kata dia di Posko Rumah Cemara, Menteng,  Jakarta Pusat, Rabu (15/8/2018).Lukman melihat, sosok Ma'ruf sebagai Rais Aam adalah sebagai pemersatu. Bahkan, bila ada kelompok umat berbeda pandang berselisih paham, maka Ma'ruf lah seorang yang menjembatani perdamaian keduanya.""Kita boleh saksikan bahwa organisasi keagamaan lain kalau ada masalah ngadunya ke PBNU. Jadi ini mohon dipahami betul posisi pak Ma'ruf Amin. Dan itu politik NU, dari berdiri bagaimana supaya kaum minoritas merasa terlindungi,"" jelas dia.Lukman pun menegaskan untuk tidak meragu akan ilmu diterapkan oleh Ma'ruf. Dia bahkan sanggup menyebut jika Ma'ruf adalah sosok paling bisa dijadikan sumber rujukan saat ini dalam ilmu agama.""Pemahaman beliau terhadap semua fatwa yang sudah dikeluarkan itu komprehensif. Pak Ma'ruf Amin ini hari ini satu-satunya ulama yang sangat mumpuni dalam hal fiqih. Dulu ada Kiai Saal Mahfudz yang semua orang bertanya dan konsultasi ke beliau. Tapi setelah meninggal, yang paling paripurna terhadap berbagai macam tafsir ya Pak Ma'ruf Amin,"" tegas dia.Karenanya, lanjut Lukman, tak heran bila sempat muncul Gerakan Nasional Pembela Fatwa (GNPF) MUI beberapa waktu lalu. Menurut Lukman, gerakan massa yang berganti menamakan diri menjadi 212 tersebut, dikatakan semata membela fatwa yang telah dikeluarkan resmi oleh Ma'ruf Amin, sebagai ketua MUI.""Gerakan 212 itu kan gerakan mengawal fatwa dari Ma'ruf Amin, MUI. Yang dikawal tanda tangannya Ma'ruf Amin. Tapi akhirnya beliau mengorbankan dirinya agar jangan sampai kekuatan progresif radikal menjadi sumbu perpecahan bangsa. Beliau menempatkan dirinya dan menjamin agar ini tidak pecah,"" Lukman memungkasi. [ded]"
3	KPU tunggu laporan masyarakat terkait Bacaleg bermasalah | merdeka.com	"	 Merdeka.com - Komisioner Komisi Pemilihan Umum (KPU) Ilham Saputra mengatakan bahwa pihaknya masih menunggu laporan dari masyarakat jika terdapat bakal caleg DPR RI yang bermasalah.Hal ini terkait, jika masih adanya bakal caleg DPR RI yang memiliki riwayat sebagai mantan napi  korupsi, kejahatan seksual terhadap anak, dan narkoba di dalam data daftar caleg sementara (DCS) yang telah dipublikasikan.""Ya silakan, kita masih menunggu laporan-laporan dari masyarakat jika ada laporan misalnya ada keterkaitan dari pidana korupsi, kejahatan seksual terhadap anak, dan narkoba,"" ucap Ilham, di Hotel Holiday Inn  Jakarta Kemayoran, Jakarta Utara, Rabu (15/8).Tahapan penyusunan dan penetapan DCS dilakukan pada tanggal 8 Agustus - 12 Agustus 2018. Dengan pengumuman DCS pada tanggal 12 Agustus - 14 Agustus 2018. Sedangkan, masa KPU untuk menerima masukkan dan tanggapan masyarakat adalah pada tanggal 12 Agustus - 21 Agustus 2018.Adapun link laman KPU terkait DCS Anggota DPR RI Pemilu Tahun 2019 dapat diakses melalui: http://kpu.go.id/index.php/pages/detail/2018/950Jika ditemukan, bacaleg bermasalah tersebut akan dicoret oleh KPU dan tidak dapat diganti dengan bacaleg lainnya. Namun, jika yang bersangkutan merupakan perempuan, maka, masih ada kemungkinan untuk diganti. Dengan syarat, posisi bacaleg tersebut dapat mengurangi minimal keterwakilan 30 persen perempuan.""Enggak bisa ganti, kecuali perempuan yang jumlahnya 30 persennya jadi berkurang karena dicoret tadi. (Kalau perempuan), bisa diganti, karena dia akan berpengaruh kepada dapil hangus, (misalkan dia 33% saat dicoret) ya enggak (diganti),"" Ilham menjelaskan.Sebelumnya Ilham menuturkan, data rekapitulasi DCS itu ditayangkan agar masyarakat dapat memberikan masukan. Dia pun mengimbau masyarakat untuk bisa melaporkan secara aktif kepada KPU jika benar ditemukan bacaleg dengan riwayat ketiga perkara itu.""Nah ini penting bagi masyarakat untuk bisa mengakses, melaporkan secara aktif kepada kami. karena jika ditemukan kita akan mencoret calon yang bersangkutan. dan tidak bisa diganti lagi oleh partai,"" tutur Ilham.""Dan jika ada yang ingin mengundurkan diri setelah DCS ini, silakan saja, tetapi tidak bisa diganti oleh partai. Kecuali karena pengunduran dirinya itu berpengaruh terhadap keterwakilan 30 persen perempuan. (maka akan diganti dengan bacaleg perempuan tanpa riwayat ketiga perkara itu),"" sambungnya.Reporter: Yunizafira PutriSumber: Liputan6.com [rzk]"
4	Prabowo datangi PBNU besok sore | merdeka.com	"	 Merdeka.com - Ketua Umum Partai Gerindra Prabowo Subianto akan menyambangi Pengurus Besar Nahdlatul Ulama (PBNU), Senen,  Jakarta Pusat, Kamis (16/8) besok. Hal ini diungkapkan Sekjen Partai Gerindra Ahmad Muzani.""Besok Pak Prabowo insya Allah akan ke PBNU. Besok jam 4. Besok agak padat (jadwal Prabowo),"" kata Muzani di kediaman Prabowo, Kertanegara IV, Kebayoran Baru, Jakarta Selatan, Rabu (15/8).Muzani menepis soal sowannya Prabowo ke PBNU terkait pernyataan Mahfud MD mengenai cawapres Jokowi. Menurutnya ini merupakan kelanjutan dari pertemuan Prabowo bersama jajaran PBNU sebelumnya.""Tidak ini bagian pertemuan lanjutan di awal. Kan dulu kita datangi PBNU,"" ucap Muzani.Sebelumnya, Prabowo juga pernah melakukan pertemuan dengan Ketua Umum PBNU Said Aqil Siradj di Kantor PBNU, Kramat Raya, Jakarta Pusat, Senin (16/7) malam.Selain silaturahmi, Prabowo juga konsultasi dengan Said Aqil. Saat itu, menurut Prabowo, baik jika berkonsultasi dengan NU sebelum mengambil keputusan atau kebijakan yang baik dan penting.""Saya akan selalu konsultasi dengan NU atas setiap langkah yang kita ambil,"" ujarnya.""Karena PBNU merupakan suatu institusi yang sangat penting, yang sangat dipercaya oleh rakyat, yang warganya sangat besar. Jadi hanya logika yang mendorong saya bahwa setiap kebijakan setiap keputusan penting, sebaiknya, konsultasi dengan NU,"" tambahnya.Mantan Danjen Kopassus ini mengaku salah satu persoalan yang dikonsultasikan adalah Pemilihan Presiden (Pilpres) 2019. Prabowo meminta masukan terkait sosok yang pantas untuk dijadikan Cawapresnya nanti.""Lho lho lho, memilih cawapres itu penting atau tidak? (Penting) tadi saya bilang apa? (Akan konsultasikan hal yang penting), ya sudah,"" tegasnya. [dan]"
5	Rommy tegaskan pemilihan Ma'ruf Amin tak ada ancaman ke Jokowi | merdeka.com	"	 Merdeka.com - Ketum PPP Muhammad Romahurmuziy (Rommy) menegaskan tak ada ancaman ke bakal capres Jokowi dalam memilih ketum MUI Ma'ruf Amin sebagai cawapres. Menurut Rommy, tak ada tekanan dari pihak mana pun kepada Jokowi dalam menentukan pendamping dalam Pilpres 2019 mendatang.""Presiden dalam posisi menegaskan beliau tidak ada perasaan terintimidasi oleh siapapun, tidak dalam perasaan tertekan siapapun di dalam proses pengambilan keputusan tentang calon wakil presiden,"" kata Rommy di Kompleks Istana Kepresidenan,  Jakarta, Rabu (15/8).Dia mengatakan, penggodokan nama cawapres Jokowi sudah dilakukan jauh-jauh hari bersama seluruh ketum parpol koalisi, tepatnya pada 23 Juli 2018 lalu.Dalam rapat itu, kata Rommy, Ketum PDIP Megawati Soekarnoputri menegaskan kepada seluruh ketum parpol agar menghormati keputusan Jokowi dalam memilih calon pendampingnya.""Karena dia pembantu presiden, maka hak prerogatif tentang pemilihan siapa wakil presiden, itu sepenuhnya ada di tangan presiden dan kami para ketum menghormati,"" kata dia.Rommy juga membantah Pengurus Besar Nahdlatul Ulama (PBNU) mengancam Jokowi apabila menolak kader NU menjadi cawapresnya. Menurutnya, pemilihan Ma'ruf Amin sudah sesuai dengan hitung-hitungan politik yang didiskusikan oleh seluruh ketum parpol koalisi.""PBNU tidak pernah melakukan ancaman kepada pak Jokowi terkait siapa calon wakil presiden yang diambil. Kemarin kalau para ketua umum itu berhitung menerima kiai Ma'ruf Amin, sekali lagi menerima, artinya keputusan itu oleh presiden, itu karena kemarin kita menghitung konstelasi politik. Maka selalu saya sampaikan bahwa kiai Ma'ruf adalah titik temu yang dapat diterima seluruh pimpinan partai koalisi Indonesia kerja,"" kata Rommy.Rommy pun meluruskan pernyataan mantan Ketua Mahkamah Konstitusi (MK) Mahfud MD yang mengaku tersinggung dengannya terkait nama cawapres Jokowi. Sebagaimana diketahui, sehari sebelum pengumuman nama pendamping Jokowi, menurut Mahfud, Rommy mengatakan namanya sudah final dipilih jadi cawapres. Namun, Rommy menyebut Mahfud MD dan tim yang telah mempersiapkan sendiri menjadi cawapres. Ucapan itulah membuat Mahfud MD tersinggung.""Oh iya, pak Mahfud tersinggung itu karena apa yang saya sampaikan ke media kemudian, setelah pengambilan keputusan, berbeda dengan yang saya sampaikan ke pak Mahfud. Lho, namanya politik itu berubah setiap saat,"" kata Rommy.Dia membantah bahwa nama Mahfud sudah final dipilih jadi cawapres. ""Seperti yang saya katakan bahwa sejak awal belum pernah ada keputusan soal siapa calon wakil presiden,"" ucap Rommy.Namun, Rommy tak menampik bahwa nama Mahfud masuk dalam daftar calon wakil presiden pendamping Jokowi. Bahkan ia mengatakan bahwa ada beberapa skenario cawapres Jokowi yang telah dibuat para pimpinan partai koalisi. Skenario itu dibuat sebelum Jokowi menentukan nama cawapresnya, yakni Ma'ruf Amin.""Ada beberapa skenario di sana, ada skenario pak Mahfud, ada skenario Kiai Ma'ruf Amin, ada skenario pak Chairul Tanjung, ada skenario yang lain lagi. Bahkan pak JK pun berada di skenario yang disiapkan jika atau kalau MK memberikan putusan dalam waktu sebelum penutupan pendaftaran,"" tandasnya.Sebelumnya, Mantan Ketua Mahkamah Konstitusi (MK) Mahfud MD tak mempersoalkan batalnya ia menjadi pendamping Jokowi pada Pilpres 2019. Meski demikian, ia mengaku tersinggung dengan ucapan Ketum PPP Romahurmuziy.""Dia bilang, 'Pak Mahfud tuh kan maunya sendiri katanya bikin baju sendiri, siapa yang nyuruh itu'. Saya agak tersinggung,"" kata Mahfud menirukan pernyataan Romi dalam acara Indonesia Lawyers Club di TvOne, Selasa 14 Agustus 2018 malam.Baju yang dimaksud adalah kemeja putih yang dikenakan Mahfud jelang Jokowi mendeklarasikan cawapres yang akan mendampinginya. Padahal, Mahfud mengenakan pakaian itu berdasarkan instruksi dari pihak Istana.Yang bikin Mahfud jengkel, sehari sebelum pengumuman nama pendamping Jokowi, Romi mengatakan bahwa namanya sudah final dipilih jadi cawapres.Hal itu dikatakan Romi saat bertemu di kediaman Mahfud. Pertemuan itu dirancang melalui Sekjen PPP Arsul Sani.""Dia (Romi) ke rumah saya hari Jumat dua minggu lalu. Dia memberi tahu menyebut penyebutan nama 10 itu memang betul Romi dapat dari Pak Jokowi dan itu betul dari Pak Jokowi. Kenapa dia sebut di situ, disebut ada Ma'ruf Amin, ada Din Syamsyudin, kenapa ada nama Din Syamsudin karena titipan dari halalbihal di Muhammadiyah kata Romi agar disebut satu nama. Masa NU semua, lalu ada Pak Mahfud ini gitu,"" beber Mahfud.Reporter: Hanz Jimenez SalimSumber: Liputan6.com [gil]"
6	Rumah pemenangan Prabowo-Sandiaga diusulkan di Jakpus atau Jaksel | merdeka.com	"	 Merdeka.com - Sekjen Partai Gerindra Ahmad Muzani mengatakan markas tim pemenangan yang disebutnya rumah perjuangan koalisi Prabowo Subianto dan Sandiaga Uno akan diusulkan di daerah  Jakarta Selatan atau Jakarta Pusat.Muzani menambahkan, struktur tim pemenangan Prabowo-Sandiaga juga masih dalam penyusunan.""Tim pemenangan sedang dalam draf perhitungan sehingga partisipasi partai koalisi belum maksimal. Termasuk rumah perjuangan di mana juga belum ditentukan. Ada beberapa usulan. Di Jakpus atau Jaksel,"" kata Muzani di kediaman Prabowo Jl Kertanegara IV, Kebayoran Baru, Jakarta Selatan, Rabu (15/8).Prabowo sendiri memilih Waketum Gerindra Djoko Santoso sebagai komandan tim tersebut. Saat ini, Gerindra tengah berkomunikasi dengan mitra koalisi yakni PKS, PAN dan Demokrat.""Memang tim koalisi belum terbentuk. Dan saya dengan Demokrat dengan Sekjen masih kontak-kontak nggak ada problem, dengan Pak Hindja (Sekjen Demokrat). Ya memang pak Prabowo meminta beliau (Djoko Santoso) menjadi tim pemenangan dalam tim,"" ujarnya. [rzk]"
7	Moeldoko: Saya tidak bisa memahami suasana psikologis Mahfud MD | merdeka.com	"	 Merdeka.com - Kepala Staf Kepresidenan Moeldoko enggan menanggapi pernyataan Mahfud MD bahwa Ketua MUI Ma'ruf Amin, Ketua PBNU Said Aqil Siradj dan Ketum PKB Muhaimin Iskandar 'menjegalnya' menjadi cawapres Joko Widodo. Moeldoko beralasan tak mengetahui betul situasi psikologis Mahfud MD saat penentuan nama bakal cawapres tersebut.""Saya tidak bisa memahami suasana psikologis yang bersangkutan (Mahfud MD),"" kata Moeldoko, di Kompleks Istana Kepresidenan,  Jakarta, Rabu (15/8).""Aku juga enggak ngerti suasana psikologis saat itu seperti apa. Jadi yang kedua, sangat situasional. Berjalan dengan cepat. Berikutnya, juga dalam suasana agak critical,"" imbuh Moeldoko.Moeldoko menanggapi santai terkait manuver Mahfud yang mengungkap semua skenario penentuan bakal cawapres Jokowi. Menurutnya, di era modernisasi ini apapun bisa disampaikan ke publik menggunakan alat teknologi dan menyebar sangat cepat.""Itulah kondisi yang terjadi di Indonesia. Semua serba terbuka, semua serba bisa diakses dari berbagai situasi. Mungkin kalau dulu terlalu sulit, tapi sekarang menjadi situasi yang wajar sepertinya,"" kata dia.Moeldoko mengatakan, sosok bakal cawapres yang akhirnya mendampingi Jokowi di Pilpres 2019, Ma'ruf Amin, sangat bijak. Mantan anggota Dewan Pertimbangan Presiden tersebut dianggap sebagai guru sekaligus orang tua oleh Moeldoko.""Saya tempatkan beliau sebagai guru, orang tua yang baik, bijak,"" ujarnya.Sebelumnya, Mahfud MD membeberkan proses dirinya batal menjadi bakal calon Wakil Presiden Jokowi untuk Pilpres 2019. Mantan Ketua Mahkamah Konstitusi (MK) itu bercerita dirinya batal menjadi cawapres diwarnai dengan ancaman bahwa NU tidak bertanggung jawab apabila bukan kader NU yang menjadi cawapres Jokowi.Mahfud bercerita informasi hal ini didapat oleh Ketua Umum Partai Kebangkitan Bangsa (PKB) Muhaimin Iskandar (Cak Imin) saat keduanya melakukan pertemuan.Saat bertemu dengan Cak Imin, Mahfud diberi tahu justru Rais Aam PBNU KH Ma'ruf Amin yang menyampaikan ancaman jika NU bakal 'lepas tangan' andai kader NU tak menjadi cawapres Jokowi.""Bagaimana saya tahu kiai Ma'ruf Amin? Muhaimin yang bilang ke saya,"" kata Mahfud dalam acara Indonesia Lawyer Club (ILC) yang disiarkan secara langsung oleh TV One, Selasa (15/8).""Terus saya tanya gimana main ancam-ancam? 'Itu yang nyuruh kiai Ma'ruf',"" kata Mahfud menceritakan pernyataan Cak Imin.Setelah itu, Mahfud bercerita satu hari sebelum pengumuman cawapres oleh Jokowi, terjadi pertemuan antara Ketua Umum PBNU Said Aqil Siroj, Ma'ruf Amin dan Cak Imin di Kantor PBNU. Pertemuan itu membahas cawapres.Pertemuan digelar usai ketiganya dipanggil secara terpisah ke Istana oleh Jokowi yang meminta masukan sosok cawapres. Mereka, kata Mahfud, marah karena ketiganya tidak disinggung sebagai 'calon' oleh Jokowi. Sebab, saat dipanggil, Jokowi tak menyebut satu pun dari mereka bertiga sebagai 'calon'.""Tiga orang ini berkesimpulan bahwa mereka bukan calonnya karena waktu dipanggil tak disebut 'calon'. Lalu mereka sepertinya marah membahas,"" ujarnya.Menurut Mahfud, dari sinilah 'ancaman' itu keluar. Ancaman bahwa NU tidak bertanggungjawab secara moral terhadap pemerintahan jika bukan kader NU yang menjadi cawapres.""Kemudian Kiai Ma'ruf 'Kalau begitu kita nyatakan kita tak bertanggungjawab secara moral atas pemerintahan ini kalau bukan kader NU yang diambil. Ini kata Muhaimin,"" ujar Mahfud. [gil]"
8	Koalisi Indonesia Kerja buka diri Mahfud MD masuk timses Jokowi-Ma'ruf Amin | merdeka.com	"	 Merdeka.com - Sekretaris Jenderal Partai NasDem Jhonny G Plate mengatakan, koalisi partai pendukung Joko Widodo-Ma'ruf Amin membuka diri bagi Mahfud MD masuk dalam tim kampanye nasional. Namun, hal tersebut tergantung kepada Mahfud.""Peluang itu semua terbuka semuanya, tetapi semua tergantung pada pak Mahfud,"" kata Jhonny di kantor DPP NasDem, Menteng,  Jakarta, Rabu (15/8).Dia menambahkan, Mahfud sendiri telah menyatakan akan membantu pemerintah. Saat ini, Mahfud masih masuk dalam keanggotaan BPIP.""Kalau membantu pemerintah di BPIP, harus menjaga netralitasnya dan tidak terkait dengan parpol apalagi kontestasi politik. Dan kita menghormati itu. Kecuali pak Mahfud berubah pikiran. Kalau pikirannya berubah, tentu pintu terbuka,"" ujarnya.Senada dengan Jhonny, Sekjen PDIP Hasto Kristiyanto menuturkan, koalisi Indonesia Kerja akan mengajak Mahfud masuk ke tim kampanye nasional.""Ya tentu saja. Apalagi beliau kan juga merupakan tokoh yang punya pengalmaan yang sangat luas. Pernah jadi anggota dewan, kemudian hakim konstitusi, pernah jadi menteri, dan bagian dari simbol persaudaraan bersama dari para pemimpin,"" tandasnya. [gil]"
9	PKS akan komunikasikan soal kursi Wakil Gubernur DKI ke Anies Baswedan | merdeka.com	"	 Merdeka.com - Posisi Wakil Gubernur DKI  Jakarta rencananya akan diisi oleh Partai Keadilan Sejahtera (PKS). Hal itu dilakukan setelah Sandiaga Uno mengundurkan diri sebagai Wakil Gubernur DKI Jakarta untuk maju Pilpres bersama Ketua Umum Partai Gerindra Prabowo Subianto di Pilpres 2019.Menurut Wakil Ketua Majelis Syuro PKS Hidayat Nur Wahid saat ini nama yang pengganti Sandiaga masih terus dibicarakan. Tetapi, kata dia, nama itu juga akan dikomunikasikan ke Gubernur DKI Jakarta Anies Baswedan.""Proses sedang berjalan dan mudah-mudahan ya itu pasti akan dikomunikasikan dengan Pak Anies,"" kata Hidayat di Kompleks Parlemen, Senayan, Jakarta, Rabu (15/8).Hidayat mengatakan, PKS berusaha menghadirkan calon pemimpin DKI yang bisa kerjasama dengan Anies. Kader PKS, lanjutnya, banyak yang memenuhi syarat itu.""Beliau pasti berharap beliau sukses juga dan sukses itu kan membutuhkan kualifikasi calon yang mendekati apa yang beliau idealkan. InsyaAllah kader PKS banyak yang memenuhi itu,"" ungkapnya.Wakil Ketua MPR ini menjelaskan proses pengusulan pengganti Wakil Gubernur harus menunggu beberapa tahapan. Mulai dari keluar surat Kementerian Dalam Negeri tentang pengunduran diri Sandiaga, kemudian sidang paripurna memutuskan 'menerima' pengunduran diri itu baru disusul pengajuan pengganti Wakil Gubernur.""Kemudian dari partai pengusung menyampaikan usulan baru penggantinya kemudian diplenokan. Jadi sekarang ini prosesnya surat dari Kemendagri pengunduran diri dari Pak Sandi kita belum dapat, kemudian dari DPRD pun belum menyelenggarakan paripurnanya,"" ucapnya. [fik]"
10	Soal Mahfud, politikus Demokrat sebut Jokowi lemah & gampang ditekan | merdeka.com	"	 Merdeka.com - Mahfud MD bicara gamblang soal dirinya batal dipilih menjadi cawapres Joko Widodo. Mahfud mengaku Muhaimin Iskandar bicara Ma'ruf Amin mengancam Jokowi menggunakan nama Nahdlatul Ulama.Menyoroti itu, Kadiv Advokasi dan Bantuan Hukum Partai Demokrat Ferdinand Hutahaean mengatakan, ungkapan Mahfud menunjukkan bahwa Jokowi tak bisa mengambil sikap dalam menentukan pilihan.""Pengakuan Mahfud tersebut yang begitu gamblang di ILC menjadi bukti nyata bahwa Jokowi tidak berdaulat atas dirinya dan posisinya sebagai Capres. Untuk menentukan wakilnya saja, Jokowi tertekan dan ditekan dan akhirnya harus tunduk pada tekanan,"" katanya kepada merdeka.com, Rabu (15/8).Dari hal tersebut, Ferdinand menilai sosok Jokowi kurang tepat untuk memimpin Indonesia di periode berikutnya karena lemah pada tekanan.""Nah ini yang kita lihat bahwa Jokowi lemah dan akan sangat berbahaya jika seorang presiden gampang ditekan dan tunduk pada tekanan,"" ujarnya.Sebelumnya, Mahfud MD mengungkap alasan dirinya batal menjadi bakal calon wakil presiden Joko Widodo (Jokowi) untuk Pilpres 2019.Mahfud bercerita dirinya batal menjadi cawapres diwarnai dengan ancaman bahwa NU tidak bertanggung jawab apabila bukan kader NU yang menjadi cawapres Jokowi. Mahfud bercerita informasi hal ini didapat oleh Ketua Umum Partai Kebangkitan Bangsa (PKB) Muhaimin Iskandar (Cak Imin) saat keduanya melakukan pertemuan.Saat bertemu dengan Cak Imin, Mahfud diberi tahu justru Rais Aam PBNU KH Ma'ruf Amin yang menyampaikan ancaman jika NU bakal 'lepas tangan' andai kader NU tak menjadi cawapres Jokowi.""Terus saya tanya gimana main ancam-ancam? 'Itu yang nyuruh kiai Ma'ruf',"" kata Mahfud menceritakan pernyataan Cak Imin. [ian]"
11	Rommy: Saya tidak berniat beri harapan palsu ke Mahfud MD | merdeka.com	"	 Merdeka.com - Ketua Umum PPP Romahurmuziy menyatakan tidak ada niat memberikan harapan palsu kepada mantan Ketua Mahkamah Konstitusi (MK) Mahfud MD perihal pendamping Joko Widodo atau Jokowi dalam Pilpres 2019 mendatang.""Saya katakan sekali lagi bahwa tidak ada niat saya mem-PHP,"" kata Romahurmuziy di kompleks Istana Kepresidenan,  Jakarta, Rabu (15/8).Pria yang akrab disapa Rommy ini mengaku memahami kekecewaan Mahfud MD hingga akhirnya memberikan pernyataan terkait penyebab gagalnya dia sebagai cawapres Jokowi.""Saya pahami kekecewaan yang disampaikan Pak Mahfud,"" jelasnya.Namun, Rommy menyesalkan pernyataan yang dikeluarkan oleh Mahfud malah makin liar di media sosial. ""Ada di netizen adalah seolah-olah adalah terjadi PHP. Apa lagi saya disampaikan kesannya di netizen menyampaikan PHP,"" ujarnya.Rommy juga mengaku sudah berkomunikasi langsung dengan Mahfud usai memberikan pernyataannya di salah satu televisi tadi malam.""Pak Mahfud juga tadi pagi kontak saya mohon permaklumannya kalau tadi malam saya blak-blakan di ILC, karena saya sudah berusaha legowo terus diejek. Ngomongnya begitu,"" tandas Romi.Reporter: Hanz JimenezSumber: Liputan6.com [fik]"
12	Waketum Gerindra klaim belum bahas Wagub DKI pengganti Sandiaga Uno dengan PKS | merdeka.com	"	 Merdeka.com - Wakil Ketua Umum Partai Gerindra Ferry Juliantono menyebut pengganti Sandiaga Uno untuk posisi Wakil Gubernur DKI  Jakarta masih dalam proses. Saat ini Gerindra belum mau menyebut siapa sosok pengganti Sandiaga yang maju sebagai calon wakil presiden pendamping Prabowo Subianto.Ferry mengaku, dalam hal ini Gerindra belum membahas dengan PKS sebagai partai yang disebut mendapat jatah posisi Wagub DKI.""Nah itu kan karena makan waktu sebulan, nanti tergantung dari komunikasi Gerindra, PKS. Belum berani sebut (nama). Bisa satu nama, bisa dua nama. Bisa satu parpol, bisa dua parpol. Saya belum tahu dan enggak berani ngomong karena belum ada agenda rapat Gerindra, PKS untuk bahas soal nama pengganti,"" kata Ferry di kediaman Prabowo Jl Kertanegara IV, Jakarta Selatan, Rabu (15/8).Pengunduran Sandiaga di DKI juga masih dalam proses. Tahapnya harus dibahas oleh DPRD DKI Jakarta. Setelahnya DPRD akan menggelar rapat paripurna untuk memutuskan pengunduran diri Sandi. Kemudian hasil keputusan paripurna baru diserahkan kepada Menteri Dalam Negeri Tjahjo Kumolo.""Paralel dengan itu, parpol pengusung dalam hal ini Gerindra, PKS segera mengusulkan nama untuk Kemendagri diajukan ke DPRD dan DPRD lakukan rapur kembali untuk kalau namanya yang diusulkan tinggal disahkan tapi melalui rapur. Tapi kalau lebih dari satu maka dilakukan pemilihan di DPRD lalu disahkan,"" terang Ferry.Dia menambahkan, saat ini DPRD belum memproses pengunduran diri Sandiaga. ""Belum ada apa apa. Baru diterima, saya dapat informasi gitu dari pak Sumarsono. (Dirjen Otda) Kemendagri, nanti ada proses di DPRD untuk rapat paripurna. Masih lama,"" tukas Ferry.Dari informasi yang mengemuka jabatan orang nomor dua di DKI tersebut akan diisi oleh Kader PKS, antara lain Mardani Ali Sera atau Ahmad Heryawan. Kader Gerindra Muhammad Taufik juga disebut-sebut menjadi kandidat Wagub DKI.Diketahui, pada konstelasi Pilpres 2019 pasangan Capres dan Cawapres Prabowo Subianto-Sandiaga Uno di usung oleh Partai Gerindra, PKS, PAN dan Demokrat. [dan]"
13	Hasto sebut ketua tim pemenangan Jokowi-Ma'ruf Amin dipilih tanpa mahar | merdeka.com	"	 Merdeka.com - Pasangan bakal calon presiden dan wakil presiden Joko Widodo-Ma'ruf Amin belum mengumumkan ketua tim kampanye nasional untuk Pilpres 2019. Sekjen PDI Perjuangan Hasto Kristiyanto juga enggan membocorkan nama ketua tim kampanye nasional. Tapi, dia memastikan penentuan ketua tim kampanye nasional pemenangan Jokowi-Ma'ruf Amin tanpa mahar.""Yang jelas semua tanpa mahar,"" kata Hasto di Kantor DPP NasDem, Menteng,  Jakarta, Rabu (15/8).Hasto menuturkan, Jokowi saat ini masih fokus pada kegiatan HUT RI ke-73 dan sidang tahunan DPR-MPR-DPD. Sementara, Ma'ruf tengah menjalani ibadah haji di Mekkah, Arab Saudi.""Saat ini bapak presiden masih berkonsentrasi pada kegiatan menjelang 17 Agustus, besok presiden akan menyampaikan pidato kenegaraan di MPR dan nota keuangan di DPR dan juga di DPD,"" ungkapnya.Senada dengan Hasto, Sekjen Partai NasDem Jhonny G Plate menegaskan tidak perlu ada spekulasi terkait nama ketua tim kampanye nasional Jokowi-Ma'ruf. Sebab, ketua tim kampanye nasional dipilih langsung oleh Jokowi-Ma'ruf.""Nama-nama tim kampanye nasional ditetapkan oleh paslon. Jadi tidak perlu ada spekulasi-nanti masalah baru lagi gara-gara spekulasi,"" ujarnya.Sementara itu, Ketua Umum PPP Romahurmuziy menyebut bahwa pimpinan parpol koalisi sudah menyiapkan tiga nama untuk menjadi ketua tim pemenangan Joko Widodo-Ma'ruf Amin di Pilpres 2019 mendatang.""Ada tiga nama yang sudah kita list untuk menjadi ketua tim kampanye nasional Jokowi,"" katanya di kompleks Istana Kepresidenan, Jakarta, Rabu (15/8).Namun, pria yang akrab disapa Rommy ini belum mau menyebut tiga tokoh yang telah disiapkan untuk ketua tim pemenangan. Yang pasti, kata dia, ketiga tokoh itu masih menunggu kesediaannya untuk menjadi ketua tim pemenangan Jokowi-Ma'ruf. [rzk]"
14	Petinggi Gerindra merapat ke kediaman Prabowo bahas tim pemenangan | merdeka.com	"	 Merdeka.com - Sejumlah petinggi Partai Gerindra menyambangi kediaman Ketua Umum Partai gerindra Prabowo Subianto di Jalan Kertanegara,  Jakarta Selatan, Rabu (15/8) sore. Rencananya pertemuan itu akan membahas terkait penunjukan ketua tim pemenangan Prabowo-Sandiaga Uno dalam ajang Pilpres 2019.Waketum Partai Gerindra Ferry Juliantono menyampaikan, nama Jenderal TNI Purnawirawan Djoko Santoso memang akan dibicarakan dalam pembahasan tim pemenangan.""Baru hari ini akan dibicarakan. Tapi namanya sudah ada, betul. Nama itu benar (ada),"" tutur Ferry di lokasi.Sekjen Partai Gerindra Ahmad Muzani juga datang ke rumah Prabowo. Rencananya pertemuan kali memang akan membicarakan soal ketua tim pemenangan Pilpres 2019.""Saya harus menghadap beliau (Prabowo), harus ada beberapa yang dilaporkan. Saya cek dulu ke dalam. Saya mau bicarakan dengan beliau sekarang. Nanti ya,"" kata Muzani.Reporter: Nanda Perdana PutraSumber: Liputan6.com [rzk]"
15	Gugat KPU, PBB ingin SK daftar calon sementara dibatalkan | merdeka.com	"	 Merdeka.com - Partai Bulan Bintang (PBB), melalui pengacaranya, Firmansyah, telah memasukkan gugatan terhadap Komisi Pemilihan Umum (KPU) ke Badan Pengawas Pemilu (Bawaslu) RI hari ini.Hal ini terkait adanya 2 dari 80 daerah pilih (dapil) untuk bakal calon legislatif (bacaleg) DPR RI yang ditolak oleh KPU, ketika mereka melakukan pendaftaran. Otomatis, KPU tidak melanjutkan verifikasi dan pencalonan bacaleg di 2 dapil itu.""Gugatan sudah kita masukan,"" ujar Firmansyah, di Bawaslu RI, Jl MH Thamrin,  Jakarta Pusat, Rabu (15/8).Meskipun begitu, 78 dapil lainnya yang didaftarkan oleh PBB dengan jumlah 382 bacaleg DPR RI itu telah dinyatakan memenuhi syarat (MS) oleh KPU. Sehingga, PBB termasuk satu dari tiga partai yang dinyatakan 100 persen bacaleg DPR RI memenuhi syarat, selain PKB dan Partai NasDem. Ini berdasarkan hasil rekapitulasi penetapan daftar calon sementara (DCS) DPR RI untuk pemilu 2019.Pada gugatan kali ini, Surat Keputusan daftar calon sementara (DCS) menjadi objek gugatannya. ""Intinya ada 2 dapil kita yang di TMS (tidak menenuhi syarat) oleh KPU dan 95 caleg kita tidak diverifikasi oleh KPU,"" kata Firmansyah.Adapun petitumnya adalah sebagai berikut:1.Membatalkan SK DCS2.Meminta KPU menerima dan melanjutkan verifikasi untuk 2 dapil dan 95 calegSebelumnya, Komisioner KPU Ilham Saputra mengatakan bahwa, Partai Bulan Bintang pada saat pendaftaran bakal caleg DPR RI sempat mengajukan sengketa.Kemudian, sengketa itu diselesaikan dengan mediasi. Hasilnya bahwa KPU menolak 2 dari 80 dapil yang didaftarkan, yakni dapil Jabar III dan Jabar VIII.Sehingga proses pendaftaran dari partai yang diketuai oleh Yusril Ihza Mahendra tersebut dilanjutkan untuk 78 dapil lainnya.Reporter: Yunizafira PutriSumber: Liputan6.com [rzk]"
16	Tepis coattail effect, PKS dukung Djoko Santoso jadi ketua timses Prabowo-Sandi | merdeka.com	"	 Merdeka.com - Partai Keadilan Sejahtera (PKS) mendukung penunjukan mantan Panglima TNI Djoko Santoso sebagai ketua tim pemenangan bakal capres-cawapres Prabowo Subianto dan Sandiaga Uno. Sebab, PKS menilai Djoko Santoso sebagai sosok setia pada Prabowo.Wakil Ketua Majelis Syuro PKS, Hidayat Nur Wahid menegaskan, dukungan kepada Djoko Santoso menjadi ketua tim pemenangan bukan untuk mengejar coattail effect (efek ekor jas) partainya di Pemilu 2019. Bahkan, kata Hidayat, saat mendukung pasangan Prabowo-Sandiaga, PKS tidak pernah mengharapkan coattail effect.""Kami tidak, kami tidak mengejar coattail effect dan bahkan ketika kami memilih Pak Prabowo dan wakilnya Pak Sandi dan Anda tahu artinya apa? Kami sudah tidak bicarakan coattail effect kami sedang bicara ini adalah Pilpres,"" kata Hidayat di Kompleks Parlemen, Senayan,  Jakarta, Rabu (15/8).Menurutnya, PKS tidak pernah mementingkan coattail effect di Pilpres 2019. Dia mengatakan, partai pimpinan Muhammad Sohibul Iman itu hanya ingin menyukseskan #2019GantiPresiden.""Dan Pilpres itu adalah sebuah agenda yang sangat besar tidak kalah besarnya dengan Pileg itu sendiri. Kami tidak menunggangi Pilpres untuk kepentingan coattail effect,"" ungkapnya.""Kami mementingkan agar agenda 2019 ganti presiden itu sukses, untuk menghadirkan pemimpin yang lebih baik dan harga diri Indonesia yang lebih baik,"" ucapnya.Sebelumnya, Waketum Partai Gerindra, Edhy Prabowo menyebut nama Jenderal (Purn) Djoko Santoso digadang-gadang akan menjadi ketua tim sukses dari calon presiden dan wakil presiden, Prabowo Subianto-Sandiaga Uno. Djoko Santoso merupakan anggota Dewan Pembina Partai Gerindra.""Pak Prabowo sudah menunjuk pak Djoko, menanyakan ke Pak Djoko apakah beliau bersedia, dan Pak Djoko bersedia,"" kata dia di Kertanegara, Jakarta Selatan, Selasa (14/8). [gil]"
17	PAN nilai pernyataan Mahfud MD adalah pendidikan politik | merdeka.com	"	 Merdeka.com - Mahfud MD bicara gamblang soal dirinya batal dipilih menjadi cawapres Joko Widodo. Hal ini dikarenakan Ma'ruf Amin tak setuju bila Mahfud dipinang jadi cawapres Jokowi. Ma'ruf Amin juga mengancam Jokowi tidak akan didukung NU bila memilih Mahfud.Merespon itu, Wasekjen DPP PAN Saleh Partaonan Daulay mengatakan apa yang disampaikan Mahfud MD itu benar terjadi. ""Orang sekelas pak Mahfud tentu menyampaikan sesuatu dengan penuh pertimbangan. Apalagi, hal itu disampaikan di sebuah acara TV yang disaksikan jutaan penonton,"" katanya kepada merdeka.com, Rabu (15/8).""Pak Mahfud juga kelihatannya menjamin kalau pernyataannya benar. Itu sebabnya dia kelihatannya siap untuk dikonfrontir dengan orang-orang yang disebutnya di dalam pernyataan tersebut,"" sambungnya.Dia menambahkan, pernyataan Mahfud adalah pendidikan politik yang perlu diapresiasi. Dari situ publik juga bisa memahami bahwa di dalam politik ada banyak hal yang hanya bisa dipahami jika mengetahui latar belakang dan kronologisnya.""Setidaknya, pengakuan pak Mahfud menunjukkan bagaimana sesungguhnya koalisi Jokowi menunjuk dan mengangkat seseorang. Ada pergumulan seru dan kelihatannya dihiasi intrik untuk mendapatkan perhatian. Masyarakat tentu sangat pintar untuk menilai pernyataan pak Mahfud ini,"" tuturnya.""Memang secara eksplisit pak Mahfud tidak menyebut bahwa dia dijegal. Tetapi jika ada perasaan seperti itu, kita berharap agar pak Mahfud bersabar. Apalagi di awal pernyataannya bahwa apa yang dialaminya adalah dramatis,"" tambah Daulay.Dari hal ini, Saleh tak ingin menjustifikasi NU terlibat politik praktis atau tidak karena turut mengintervensi cawapres Jokowi.""Silakan masyarakat untuk menilai. Tentu tidak etis kalau saya memberikan penilaian terhadap posisi politik NU,"" tandasnya.Sebelumnya, Mahfud MD mengungkap alasan dirinya batal menjadi bakal calon wakil presiden Joko Widodo (Jokowi) untuk Pilpres 2019..Mahfud bercerita dirinya batal menjadi cawapres diwarnai dengan ancaman bahwa NU tidak bertanggung jawab apabila bukan kader NU yang menjadi cawapres Jokowi. Mahfud bercerita informasi hal ini didapat oleh Ketua Umum Partai Kebangkitan Bangsa (PKB) Muhaimin Iskandar (Cak Imin) saat keduanya melakukan pertemuan.Saat bertemu dengan Cak Imin, Mahfud diberi tahu justru Rais Aam PBNU KH Ma'ruf Amin yang menyampaikan ancaman jika NU bakal 'lepas tangan' andai kader NU tak menjadi cawapres Jokowi.""Terus saya tanya gimana main ancam-ancam? 'Itu yang nyuruh kiai Ma'ruf',"" kata Mahfud menceritakan pernyataan Cak Imin. [fik]"
18	Kubu Jokowi-Ma'ruf pastikan tak beri ilusi Pilpres ke masyarakat | merdeka.com	"	 Merdeka.com - Wakil Ketua Tim Pemenangan Jokowi-Ma'ruf, Johnny G. Plate mengatakan, dalam kontestasi Pilpres yang akan dilaksanakan sebentar lagi banyak yang akan menyajikan banyak janji. Sehingga janji-janji itu, dia mengungkapkan, merupakan ilusi Pilpres.Sekjen Partai Nasdem ini menuturkan, ada yang menyebut akan membuat masyarakat Indonesia kaya, mempunyai lapangan pekerjaan yang banyak dan utang luar negeri terbayarkan lunas.""Itu adalah bagian dari ilusi Pilpres, itu tantangan yang harus kita hadapi,"" katanya di kantor DPP NasDem,  Jakarta, Rabu (15/8).Karena itu, Johnny mengungkapkan, pihaknya tidak akan mengobral janji semata. Tapi harus mencari solusi melalui visi dan misi Jokowi-Ma'ruf ke depan. Menurutnya, hal inilah yang ditunggu oleh rakyat.""Harus kita carikan jalannya melalui program, melalui visi Capres. Itu rakyat yang tunggu. Kami menyiapkan visi dan misi untuk menjawab tantangan itu,"" ujarnya.Dengan hal tersebut, pihaknya yakin tidak akan menghadirkan ilusi bagi rakyat Indonesia. Dia pun berharap agar masyarakat juga tak terpancing dengan hal-hal yang bersifat retoris semata.""(Dengan cara tersebut) kami tidak menjadi tukang sulap, yang memberikan ilusi-ilusi pada rakyat. Jangan sampai, Pilpres kita ditandai dengan populisme-populisme yang hanya retorika saja,"" pungkasnya.Reporter: Putu Merta SuryaSumber: Liputan6.com [fik]"
19	PKS nilai Djoko Santoso sangat teruji jika jadi ketua pemenangan Prabowo | merdeka.com	"	 Merdeka.com - Wakil Ketua Majelis Syuro Partai Keadilan Sejahtera (PKS) Hidayat Nur Wahid mendukung mantan Panglima TNI Jenderal (Purn) Djoko Santoso menjadi ketua tim pemenangan bakal calon presiden dan calon wakil presiden di Pilpres 2019. Sebab, kata Hidayat, Djoko loyal pada Prabowo.""Kami setuju dan kami mendukung Pak Djoko Santoso sebagai ketua tim pemenangan Prabowo-Sandi. Karena memang beliau sangat terukur dan teruji loyalitasnya kepada Pak Prabowo Subianto sejak Pilpres 2014,"" kata Hidayat di Kompleks Parlemen, Senayan,  Jakarta, Rabu (15/8).Djoko dianggap memiliki kualifikasi untuk bisa menjadi ketua tim pemenangan karena memiliki pengalaman keorganisasian. Serta mempunyai sifat yang ramah.""Memahami masalah dan sekaligus mendudukkan agar pilpres kita betul-betul dalam rangka untuk Indonesia yang lebih baik. Tidak terjebak pada konflik terkait masalah sara atau masalah sekadar perebutan jabatan,"" ujarnya.Menurut Hidayat, nantinya tugas Djoko adalah mengarahkan Pilpres 2019 berjalan sesuai mekanisme dan tidak menghadirkan perpecahan.""Sebagai ketua timses saya kira beliau juga akan berperan untuk kemudian mengarahkan agar seluruh mekanisme menuju pada pilpres itu betul-betul dalam rangka NKRI, dan tidak dalam rangka untuk menghadirkan perpecahan diantara semua,"" ungkapnya.Meski begitu, Wakil Ketua MPR ini menegaskan, belum ada komunikasi formal terkait nama Djoko Santoso sebagai ketua tim pemenangan. Namun, lanjut dia, jika memang benar Djoko diajukan menjadi ketua tim pemenangan, partai yang dipimpin oleh Muhammad Sohibul Iman itu akan menyetujuinya.""Komunikasi formal belum, tapi informasi inikan sudah nyebar dimana-mana dan kami bincang-bincang dengan pimpinan PKS dan kami membahas tentang informasi yang berkembang itu dan kami kalau nanti akan dibahas kami akan setuju,"" ucapnya. [eko]"
